0,1,2,3,4
2.134562840423101,-0.9236370797289029,-4.724275349045494,-7.675630214883719,-16.915305004749214
4.008178760819268,0.9609430031194098,-4.296965856545675,-6.52221350468529,-12.682914163279946
0.3565215634077557,-4.429197887555276,-12.935270464473478,-23.70441969275572,-49.1740416339413
-0.1724454798441823,-2.2796129429487983,-4.3649797494477145,-16.64688744554259,-25.826731114693576
-7.098519572221525,-2.039334448026261,8.35699906357183,-2.21975814553397,2.9542339516093223
0.5068987750796762,2.841897605316316,15.113802597796568,16.183078380575267,54.01497250925891
5.285701070808032,-1.697640357681518,-15.32991209147112,-22.36648315596441,-49.18184946983254
-2.017762373074236,-0.9379320676742527,-0.3490824662568053,-7.025798082824919,-14.690911358229108
-0.3173553808305739,-3.4701266658711654,-10.257123429810797,-22.02467650291172,-46.01089356411526
0.0918844145350947,1.0133516129481317,6.854503127282247,8.569775401087586,31.618454371808127
-6.169268115425735,-3.967419330170001,1.0173807928211176,-7.648969149469242,-15.85968335811616
-0.1211516575572258,-0.1260219557137056,0.7753973135968111,2.291551475829094,5.364750625946386
2.228313999536938,1.666466747286106,10.093933568569504,8.652621366731703,34.73747901068115
-8.039370837055525,-1.4086500386516778,5.812501401233748,1.94908754823384,2.304392707135221
1.0395777030451712,-1.7933717221285184,-7.331671959920924,-12.120190812042356,-36.1643520203665
4.826833858052021,-1.4237902642259004,-13.228496515381329,-14.08909035474433,-28.53377429217541
1.1789513855250346,5.163647394418177,15.827531409436206,25.599385032025413,67.23350200840024
-6.135621950783629,3.928052922099272,21.636206729674782,26.24632756007651,64.39830001545909
4.201132924776028,2.5279566518554866,0.4496536952384415,6.332867125952333,13.726414166271615
-1.0785095166496983,3.6075497600091095,8.415616297395246,10.715887922414987,33.28704239390229
8.930620793063548,-4.841193301627263,-32.12384654588641,-34.78156237624303,-94.9148558242931
1.8880545415292755,-1.5179493473559609,-2.2957276568737366,-4.894937663105407,-5.947272344161675
-1.1189513267323798,3.758654225924768,13.514215233422869,18.87841413286504,51.69992505280643
-1.6908745994186685,1.1240230584748998,3.5468915026412957,4.809996979306621,11.995970760131272
-1.11067099623484,-2.186259135874126,-5.68510686346281,-7.518418011872496,-23.701290759807964
-2.2372206600998945,-3.276601039296292,-2.941612191917069,-12.091583620978486,-28.22663790317138
3.6889227432458513,-6.478324938300142,-23.360677969065232,-40.60415370094275,-90.68030882933662
1.872557165149316,-1.0662433077020412,-2.192220139319581,-5.866877963969162,-6.386067067710926
-2.7105299236180285,2.7224488352722487,22.30401102013996,28.346599036980933,74.07186945173785
-6.372370136348686,0.9196196859407312,19.06194274363824,20.97060022980269,51.28062433469365
-2.6259152251844564,4.304660395624627,13.87717493506504,20.74823171857834,49.42223434533926
-1.032419830247083,2.7270929793325545,12.590075083217176,19.157411624167587,50.14406719676901
8.029605578855865,1.8031412797516613,-2.5746618918737374,4.634208227536042,14.171808152947255
-5.249120942773373,0.8378726524762943,14.313459677741816,10.75825636720808,35.971488583338534
7.333250933906813,-2.8301518091720417,-15.931314616277527,-16.00736013735341,-43.48451933292943
-4.140418988203261,1.929029585877107,14.957581569503825,20.28795965087669,50.83344237216535
4.978199959176248,1.903226118415892,-0.9419236343283726,2.836185910884348,6.319707102344943
-1.7881357131467883,-4.371300157857407,-1.8870030158925812,-16.003738734366806,-30.44010802047548
0.0128066215356495,2.059038644613751,5.571603402079913,10.034081643109554,22.337772509836057
3.626919502299694,-5.154843002521978,-26.3571206467199,-33.508919074355774,-82.44860603524948
-0.2913522816880791,1.4676104806761097,10.155381534963851,9.331002357710451,30.52242024311036
0.7188691277516452,-3.706255937461001,-12.905106913283808,-20.322442796759585,-52.300862902825386
2.5554603035429864,0.6474050865986211,-6.992841625093335,-4.260327059544132,-12.14221206015194
7.735656064880265,-1.9639295281280829,-18.386937185787477,-23.48154456444635,-55.95271081743978
2.49235274701445,3.1735876415163062,15.794650278242065,21.66551612605382,60.67109614290426
-3.1265919679747625,-3.1065852522628523,-3.1005037968776734,-11.08813250645032,-20.9743014556054
-7.201982398753223,-2.451926944322341,7.0107765334193735,-0.025129560212278,3.954130448001221
8.940433667261228,-7.057075233530554,-40.614397680065736,-49.95106240914139,-129.68185381945645
-1.9036248531899056,4.15047392477796,16.6494416068199,22.46651188988592,60.74183832721288
-0.1602246807442331,1.1462358589803954,4.420599196536942,-1.1807559718433884,11.86698637836878
-0.2205526445750738,2.466654612769817,14.762328717703925,22.26977161550789,50.50863241420375
5.987838493622918,3.037200728435644,1.3587055819304363,5.384874070895847,14.838993067275434
3.060321897903434,-4.995841262489471,-16.62632055187832,-26.81821684546349,-60.19951929270646
-5.502316318869534,-0.5499954313827108,7.862281721105228,4.40275865770695,13.855535692933053
-0.2376066719423102,-4.474436024732686,-15.010412891320549,-22.010153675130905,-55.971246488538114
-0.7515012346072183,4.515024568049052,16.82462570505756,26.964760967971817,64.2665644732785
3.090619830576051,-5.063660190095003,-15.059085615848469,-22.0652556229342,-52.31829271114924
2.4007986825292305,0.0729514345937751,5.670753713216442,8.443645451412904,26.713355313942092
-0.4988282447385315,-0.8097537035551805,2.4770261234318527,-2.9215480153642988,0.9637475815192268
-5.329473023302487,-0.4843534148524602,4.620496340953759,-0.8206092622621706,4.223650525471001
-5.655752156401567,1.063965829292816,10.934318710925142,16.0273349895393,28.78512017200852
-4.401259677379277,-1.8133101744372928,1.2816789815119032,-6.097509243473361,-11.890906605138866
0.7399855360342124,-0.3830237237489898,2.31615198224892,3.1846945444709647,9.85080637156342
0.7973654813954455,-2.5618344576877927,-6.9633017984744745,-12.722723839520247,-25.924417390507443
-2.3140817581998183,-2.674769647200446,-5.283059690005579,-20.27193011366888,-36.11609394643004
-4.836449669034939,1.5914442410445493,19.524282961786987,20.06498293100371,54.32623060075208
-2.023504207483382,0.9121871694443612,4.807293338833116,3.554970510441912,10.573310740769648
0.973784557224045,-1.099704224300836,-4.888865482839874,-6.704683297494129,-15.274766830205662
4.423650283166584,0.1798295782428537,-5.645138861792349,-2.75932853797965,-8.97419457977131
-4.189509017436256,-1.9765258333733544,0.1881911180517361,-7.314155007839457,-15.562943499548512
-1.826295188001106,0.8533424820703098,7.5417758290669665,8.401592459186137,22.994547520592675
-5.284216362714051,2.4133148678079266,15.314375587577672,18.87890483257185,46.18744292426056
-1.150287167387686,3.2539290700378167,16.91089738065441,23.64596391841684,54.95965807715668
-4.042903232743155,0.9707838838773036,11.67438218865695,13.907373601585192,33.82282281663927
5.26704433812654,-4.868860684251072,-25.77376119669441,-32.65796603171384,-83.07228721605001
7.722181449504591,-2.433809500907315,-18.91126825244816,-22.653664483590465,-50.76992042508372
5.490353314072256,4.4232150477363685,5.798054342872821,20.301543486942084,46.08080103834273
-11.506745718305362,2.188812358547284,28.88734748019551,30.33758250610246,75.45988361174702
-1.3849844496505213,3.676359444612172,14.26765019029402,18.71859378477353,50.35532950490392
1.33361395223807,2.954482461239687,4.779510075755278,7.851181163719707,28.21085375098693
-0.5675299795394627,-0.7190098418823558,1.33389125305994,-6.2701346174722135,-3.043155367585638
-3.894445221818193,-0.8979921546290124,7.208369007151612,7.623961396596103,21.1594022143612
1.6254137689725368,-0.1583284150819466,-3.7919061310910136,-6.6598131718973885,-8.752818402307959
3.632564405603549,2.641607246770792,8.025516003154284,16.409268444136046,40.17040025471803
7.208584429576177,-0.9773748274524744,-20.25241797312105,-20.02272503021648,-51.18867846056642
5.592912973216817,-1.3007018330082796,-14.452707895891743,-17.3207109867815,-38.18103126006454
-9.038634607667817,-1.8967823347045665,11.039949407192925,4.981194517900102,17.14219570633248
5.924725181385986,1.553659891548734,-5.438252282986851,0.853226053401547,-1.1476279190665597
-3.47662679567598,0.1490137199110269,8.387082649661984,8.172722421330834,26.12275496790601
0.5859672937108631,1.92612644816174,5.655677122237232,13.048130378346563,27.213555687870283
-2.9680203972253336,5.51060551117979,29.752091819086395,37.233118015035885,101.32490320712904
0.103734937167616,3.650717412416333,15.322891484974916,20.764357898679307,58.02482256017643
0.8088820459709185,-2.368713822819421,-1.5509950647410768,-11.017786247940098,-12.116649871891102
-3.712464242312222,2.993669897159351,19.53646991152271,21.625428074147436,61.065544391289166
-5.703084220546024,6.819315321186464,30.052794303041807,43.37979918464122,102.24677582000996
-3.4771892141123617,3.996599651684716,19.321499590583382,22.979443776401467,64.26558105413382
-4.674546945922291,0.7357961246893988,14.073212603056206,10.80742458221023,37.58930361287758
-11.841471165637502,0.4319440386930319,24.713633015456853,22.69221246510994,58.57547203575467
-0.4630977641820176,-4.630331726677424,-6.696372464321174,-20.51779498442989,-36.36850101211106
2.633931135415286,-3.520575285625042,-11.955296274826107,-19.251225730610017,-47.34489447609903
-2.04106129284388,-3.241239014930983,-2.9510218317865617,-15.575999646401756,-22.58016597140004
-3.6070730136108926,2.9941591858552625,17.039355086295924,15.954814132840587,47.43511908751483
0.8865851964456424,2.3062075809558,6.3239351517985005,11.142896126240275,27.589521385633518
-2.2040090118603404,3.2877653334557584,16.894294798378464,20.53162424261931,52.747821946533925
-5.568089457095343,-5.128982706480855,-3.743966743543576,-14.446511525376923,-38.74274660364378
3.731266795611821,2.1777744339581293,3.606307921690785,4.158684059295585,15.975552611261774
1.9176598786063943,4.575749802010261,12.97401342659322,18.004063164289036,56.91930949966549
-3.7047832407652095,5.778743723762577,25.907467361171847,37.61082409461248,92.93216320272198
-3.7304497519245454,2.95875171836948,20.421791573190752,23.49124787212029,63.12906159458406
-0.8667674360734071,3.978504178775996,13.61340315982179,20.189398358457115,54.19989549484367
-7.9885927849660625,2.004261961911149,22.36743736006236,17.781280976619932,56.42123429091275
4.835093132409785,3.446608425333886,-1.0159599244389836,4.435282353584986,13.638685991264245
-0.5671331339085681,-3.545428226312249,-4.952109813896527,-20.334494523261814,-34.16293733676659
6.903406301867391,2.96228534927272,-5.001502947214097,2.9475270582164583,0.9809097955077402
-2.1263876641124937,3.272032313662737,17.723297324533064,18.352585592911108,54.83803289832342
5.01030755116146,-1.5852022648032968,-9.590731513872257,-15.281983821367165,-28.74469723538551
-3.059225515799046,-4.554978941397804,-10.502339777177578,-24.27341138211323,-50.750528661412176
-3.187451179860967,3.857103163047706,18.80943903451222,29.10055204211812,63.6208532498198
-0.8875636578192824,-3.0957402689979063,-11.884145115519429,-15.861816914044407,-43.43042940444409
-1.873553783848992,-1.5715800314523911,3.6047678087611454,-4.452920198992323,2.990770620994711
-7.219963802306935,-2.801254456470732,5.800136236005329,-6.282379609399461,-6.669494266477724
5.229918220947882,4.821254840150106,4.065275443256665,12.661001708883704,36.480907097994674
-5.092384170380186,-6.139866621199497,-6.800223046690521,-20.505418694949817,-45.6283698174692
-6.778326212631414,-2.998142247820556,7.177669449621814,-3.29459980528998,3.211650352658646
7.43146441693718,-5.60549943975165,-28.278953405327695,-37.42859672564942,-91.82123650820384
-3.1142367077438484,-2.929733293733295,5.837845374536846,-3.1903495836325737,1.7570493314266562
1.104207332668614,-0.6036480848327697,-2.006653449195537,-9.194094993237218,-16.692078396966636
4.85908357635421,1.6211770360176954,-2.9698539373156505,-0.4784906709925973,4.616969083870352
4.557906876842435,-0.4255034574256147,-11.581544092593528,-15.422232997851031,-27.29817673841792
3.4830000093410334,-2.3229981790095824,-10.313486406681683,-15.040759536854068,-36.686971194742185
-0.9452538569061804,2.092470463763822,12.764738332865388,13.88856299958586,43.08198657710435
4.029168809732296,6.650364399800505,14.411739138160671,25.302774880114704,62.73863209184059
0.721321744933229,2.438435611490604,9.475280017900635,15.535708907104988,42.85180086579307
1.7643512094825125,4.396368003721206,13.685549364370384,22.160421839170827,62.8886917667728
-3.3939097322588614,0.5588548136822435,8.773085045127292,5.567508180970716,19.203858446993465
10.071645023240787,0.7655325641900699,-17.35134956520369,-11.785466912759066,-30.957536623504065
5.690813791356033,3.982454862046911,1.1900965875717224,12.686415477135904,23.98466932417357
-4.091971574519743,-1.077890147695511,7.582074015086722,-4.198837513007862,11.770199886132788
-4.440617501806448,6.642726109307622,28.9984125704139,42.85915393247752,103.837212047591
6.428987254976843,0.5773462841534808,-9.918986462460872,-4.486393684547331,-15.968224377605118
-0.6442918844678419,0.6986073970186335,5.062542073949605,6.97702911320944,15.506530179201553
-4.522352190219468,-1.098245084695922,5.053155518434451,-0.9070715358590262,7.529976614687887
-1.9301068298527977,-3.402744078835024,-9.825578898072228,-17.10821500332365,-44.29410355196522
-1.7253734000210226,-2.426697415936247,-1.5721893185578266,-7.186456787528487,-14.987345094181272
-0.4237449836427489,2.753651838462424,12.573111023696638,17.999497238560018,41.11809705210949
-1.6152116680901758,-5.6384257317312025,-10.442340808014784,-20.212155231444843,-49.45847618544752
8.126865494696137,1.6164098208773443,-9.476315286471111,-2.5623081671159795,-8.014552744379156
3.520981818469989,1.4487448268167735,-3.922460300199835,-4.495237010248863,-8.848649914626632
-6.186095869599987,3.7807703615774377,25.87312567608744,26.970274431647734,73.60473044594532
-0.6480600636613171,-1.8914261999991744,-3.759154330277824,-10.661357913249146,-18.2744842154248
-1.490077342271123,-3.653810319962398,-7.930227047968983,-11.540507129423426,-33.490612735255795
-3.1166240218711057,-0.6500603940981644,4.165396037667708,-1.6279452972064274,1.5733808028529923
0.8978583310138466,-0.493986666529855,-0.1304228366871994,-0.0820792621546053,0.1463064390978239
-2.837782761437592,4.924212554206557,17.992912421765237,28.09912552193535,64.45724741942611
-4.019381761665568,3.0348478301789417,22.62825551169007,32.77262471790665,75.96674581913071
3.677347260528336,-4.891489532223164,-24.44975459361257,-32.74149389261977,-87.20451618396318
0.5693242768660591,0.2576914631783689,1.5593322625602888,5.589012441138042,13.87891523474477
3.937330480964884,-1.9831678977814469,-16.89103336961313,-21.224216839299714,-48.78937052573482
-1.073542581916228,-3.304266809444919,-6.810131318522569,-11.292393117386322,-24.47883954621368
-1.954580740283328,-0.3853552630003279,9.529584787907533,10.377942239992205,26.729424045950037
0.9029700392363856,3.852661883621512,14.841400495779816,14.84787919662686,55.04245695598394
-5.722861272885391,-0.3977302655501617,7.224520529143381,-1.3982336646631843,3.021019375057264
-1.414127639337435,3.5710633171586377,17.530973110885235,26.48788955626566,66.8402003798585
4.557325742803667,-3.354896635374474,-10.365943645674433,-20.3059034184668,-35.52653354901372
-1.8975784534881877,-2.1662271476924566,0.8964889858537214,-13.568141322566747,-18.41156695405168
1.914011356179536,-5.372339414175691,-18.35186970842914,-30.60411678617204,-68.52737322438428
1.4556098153560282,-0.796728476035746,-4.397761722304473,-8.326892812017057,-16.49639335141977
3.3620778525457857,3.111486098040793,5.198790850193173,13.42618042345744,32.42902587400755
-5.212871598896062,-3.421602793090477,5.00350670293622,-4.977549773904501,-8.18389253037616
-1.83380666576161,6.8131013023700815,25.923686750063457,36.70092102221697,95.88959538436912
6.730398616650612,-5.7751760187334815,-25.36941533013556,-35.82055264138666,-78.25626362484564
2.1684341565842185,-0.3122931585498454,-6.367185771904646,-13.732014389909695,-19.01669215500216
-0.6240732537368053,2.061857132407483,8.049407822602653,13.086308586168386,37.65139059018037
-3.740197429094757,-2.4660012665745565,-0.1909176796128849,-0.8855381176942618,-10.133074477971473
-2.6914739910337144,0.5428714372256609,6.019853030370498,7.0254049610393565,18.899686267179494
4.081973381101355,2.8282991399354995,2.715697301807341,10.545325797034538,23.04987331801701
-5.006381896101444,-2.1755203493858044,4.659636676938483,-5.97344011152704,-4.385784186866701
1.4645863268195876,2.9940760506666253,7.159352581229688,16.982430555465825,39.96592805128067
-14.251748978938078,2.5417809499385293,39.30215220187178,33.59965445937836,102.98562314733402
3.392409504769365,-2.543043209996094,-11.340748322301575,-16.65548387278006,-35.520657886057464
2.6359566240018197,-1.9824937998302832,-0.2545527623508814,-2.43811568094995,3.624478721070142
-6.05860902331758,3.5231344546280883,17.327094920909623,20.678160849681987,55.40226461500525
1.6961405149693378,2.513805681580566,5.477355137609656,13.71550006835638,31.560531792211748
0.7570545409054449,0.641086807013308,0.8087333712936502,-3.816279940574325,3.295920893406332
-8.23799862980012,-5.289472601406294,-0.3442956993123365,-11.15916700458522,-28.70281322776084
-3.967868370293139,4.864591900342946,25.32074797829853,32.558198873896664,85.20020699507113
5.696713164174903,-2.4230980205914543,-13.051214717123786,-16.740469555603433,-35.68179770506565
-0.8745422702743576,-0.3222536957096213,3.2821421268968725,1.015092529268609,11.859836990337657
-1.2791119428928344,4.252125585284388,16.71612624060776,26.01207672058925,64.83780227191183
-0.944881811478876,-0.6070416598732816,8.441205387466127,2.1998214516592838,18.23350236277736
0.1335745363649859,5.9033072681719725,22.144141257791585,37.88131462152151,97.30005484137224
-3.3131877042135227,-3.862785530339557,-0.218182380431231,-7.643953020922927,-18.53528562151772
0.697103368801697,-3.062005499419387,-14.90194092030884,-21.86873135548873,-53.060757323567366
4.490808235547222,-3.395869601883846,-15.759104747563857,-27.25240641536954,-58.47526873057463
-0.0275848247051054,0.8070035690163848,-1.0587499066522827,0.1759895070448431,-2.4367019002018813
1.813886825487152,-1.3341113365500945,-10.421344408306611,-14.552078355441733,-39.087472515464086
-4.927619058421129,5.195886390558577,24.122164450088743,30.352753361291377,83.59140175845631
-5.024541754059658,-0.5315693405756245,11.520742642820402,5.503979157611205,22.20250605748857
-0.7036187725318471,-0.911639818331438,-2.099490577544469,-7.972383216478287,-14.658961689630228
0.0271319722696575,-4.545040542450849,-7.556440694333398,-23.527388783772903,-43.6481290695076
10.128042139638904,-2.114161267873817,-24.6522402965724,-23.88759403091051,-63.3316455336827
0.2668101025261803,-2.66721722637164,-6.430985586322721,-7.430492630496515,-23.739498586350297
5.291230701519465,-2.5812802802767143,-11.381564704531575,-13.990256760934706,-33.022096529033455
-1.4601925868350851,5.894668216017872,20.161181574747957,32.430703572248234,78.30019152986787
4.383595958659905,1.6885835434718626,-2.4323203196497563,1.538545539343619,10.58566802962589
2.3084228231942587,-4.319207123038053,-13.843649457137529,-24.80644480292008,-52.17311119099159
3.854496853770579,-1.0592404154631436,-7.3621684490152415,-3.197322968492389,-11.385776924070893
-7.377286353933492,3.858004032438546,29.458022595807517,30.32893150177216,81.2105971472715
-5.87603639853738,-1.5783277893633003,5.639956263335566,-4.226257673292577,2.535783790686504
1.2540758252717448,-2.1934558129842245,-8.814871733770723,-8.962339715448135,-29.6272929112854
4.573760708434845,-7.509483035210813,-25.487879603762224,-43.145102456398114,-93.50084148871164
5.2113099349793375,-0.8436451595681876,-5.2242411801587885,-7.618281112412754,-15.1559767162875
-5.642463004870556,0.3726824938791928,9.462018813774597,10.960099223748614,29.38856078059343
-7.504601526665555,-1.162569310840797,12.596260275831984,9.801000146148636,29.24621190446874
-3.2960789402420567,1.8608320683530897,13.268164391989243,8.722275615094532,33.035841142083434
3.097336185999397,2.9667759490491123,1.4476913069810262,11.267915321095568,21.1236456483594
-0.4440811356428105,0.6310125904014292,3.4573064057498537,2.6650276267419457,15.14996234372478
-1.8097188078263295,4.534704961326519,19.189058501137687,26.120728424935024,69.61772609635675
-4.410029912861165,2.8407247324875806,15.269883676380598,22.13098186218432,51.49366798637621
3.99687543603394,-2.7702455898633622,-10.354069831641286,-9.89220254115919,-28.645886293221917
2.544284538174626,-1.3921027608004704,-0.624088040591599,-7.786945494906818,-1.9028696728209065
-1.4749391012453477,2.0076415092473625,5.100838945571258,8.85359470379956,20.57559651561015
-3.0114252245900213,-0.2161802946228948,3.7431638260478057,-3.1237967107103004,1.5801760165833134
-2.639771778834962,5.514570440279135,16.343706376091625,23.975760590075414,56.04173610824319
-0.8960057224076351,0.7200088568563282,9.32906752335317,8.67252596468941,23.829706699335706
-0.7638471800960791,2.543780438732082,18.78915028509504,16.85680284836432,55.603051224561206
3.5768820050694816,-1.1748831314977726,-7.375474599716344,-9.442497927916476,-16.39855964086859
1.142174144473323,4.887270874144198,13.526178414803216,20.92172069390562,58.902858042776295
-3.267513123828057,-0.653770516744206,2.762807838581439,-0.5702292225152289,-0.4527402083899494
6.857334077399115,-1.2178188400737189,-18.486838544560708,-23.07524875655847,-52.93409833971778
-1.211820703878394,0.9766564886417156,4.848861754650633,8.16151015450605,19.538290989087077
0.7224498966587312,1.6613238227117335,6.789560443291158,10.941614840828343,29.967589750930376
3.919040130552296,-0.4946255370596268,-9.101581654993495,-6.380033558242626,-23.72523591131941
2.2556204530533,-6.84525727891944,-23.82259116758765,-35.32737109996507,-80.39189537917856
2.3550418369554458,0.0231409717625821,3.714393992491853,5.820172929938331,17.23792026320115
-2.433097518176263,-0.1151348110571536,4.276489420709632,5.055054934942433,12.880868670715136
-2.996356351587244,-0.8131064796017695,0.0830088514563032,-2.2706141486941664,-8.761689044008067
0.6569065125608182,0.557935766266766,1.794333410240066,4.299299626563219,9.494300863961026
6.86449906398125,-2.589669188545521,-9.34574088942989,-14.587229217458969,-22.28840927357161
-6.369834466954243,2.5034968018771995,17.88552067086271,20.697335859015087,54.760356134260704
-3.4909650918459985,-3.209841781725327,-2.99850898550132,-13.939111402811005,-29.071231792022807
0.296128271082741,3.0528384141959863,6.4793521727621854,10.601519148016848,29.405871551348813
-4.898288499700181,-0.9471377701732188,8.217808143079687,5.320436099046376,12.625621851018357
-5.969195032742733,1.6137691731713344,19.21522630867405,19.1143899772911,53.16342314356842
3.087903087238095,-0.632768693319582,-8.891500927265472,-9.386040919117557,-25.920465278105684
6.950450031552623,-1.5550596158072003,-11.773335833956246,-13.47312999443018,-29.30403105525177
-3.624149331295271,-2.66157427501582,-1.1322358536413906,-7.419592897445479,-15.148554583344753
4.806721742980867,1.498370677387593,-0.7957672114118775,4.502449494632224,18.21547144339106
1.96144096746348,0.7532250572685695,-0.759191872483969,3.49525282818816,8.032132637407884
-4.876549557118118,2.957499736753639,18.23289272827392,24.91672922281882,56.55134548432618
-8.289143272822846,-2.9290505250167804,7.026354536283684,-5.684168613752787,-0.6061183786982256
-1.5577521660098914,0.5459223844484078,9.61637854308735,10.854233177263744,34.29683867133498
8.744220768261188,-5.366803695752768,-27.98832170833872,-38.73984004040421,-88.13965394839339
-0.7579189423371273,1.9569158374642333,11.392656833513431,11.683361390347956,36.90395717641778
-0.5976052853038869,-3.5546308677883305,-2.644571896647043,-16.83988710115382,-29.473744753143272
1.862383866910906,4.29972039173925,6.589444566207636,14.844489137973284,30.512356127405944
0.850695490863495,-0.379158541362675,-1.2484605717369168,-1.657407193763651,-0.8253064083956899
-2.4688895768378925,-1.972398326823725,-3.390973863344539,-6.903041901859936,-18.553929674209424
4.439133084154229,1.6117345831615937,-5.029727425367959,3.874738349562054,0.2539252652447483
9.903159446477076,3.998402827268799,-4.548406654438042,3.60028398443112,13.046295617209257
1.8581047213895048,-0.2111515082738696,-3.0199781935120726,-4.416009799102978,-13.749550618024116
-0.8081482544059605,-3.984201693006257,-13.016274148052773,-18.82017823103684,-46.15828038933136
1.0969459223889315,1.3929463923673304,-3.9409493757556153,-0.7703258265356442,-10.18237447074328
3.164895530130285,3.33510523531142,9.966226467137307,15.827470148643386,44.69550734338301
-1.9530213223439168,-2.4332933649928545,-1.093904470263416,-7.0389251385439255,-14.507634543010074
7.896987818914993,-2.12748852482022,-18.00898459265101,-19.999737949659707,-44.38803332549115
-3.3336619798157927,-2.892600104137184,-5.220328213261488,-11.967174406107056,-32.48854344537792
-1.2160457640412117,-2.4008120431276394,-0.8118783422884677,-4.357624528727481,-5.137212794712282
5.99935816279455,3.3716486302891395,1.1648557933843895,11.752877770163211,21.144297716218237
-5.3923551511535415,3.779209628614901,25.575726505997043,26.13246517946311,77.232547193457
4.874394612096896,-4.480205443988761,-17.68317065180922,-26.13228249208569,-53.8589094344682
4.814633695173083,-3.3597675415008474,-22.162703781130134,-32.730835607615866,-68.47199780204113
-6.296552408743141,4.801872417999968,24.779384158881378,26.234949502333905,78.48445273112645
1.7109861518977734,0.4738763404767827,-0.2350189682820129,-3.9760852145855976,1.323459083698214
-3.0549876822992443,1.6608791860169545,10.652598988384703,14.39340435540105,30.142715337984548
-9.762335812854165,1.8724033643835256,19.64491003539432,17.2476556697938,45.00732792460859
0.7592502012141561,1.402651420905067,2.9842549773746283,1.6291234579477083,10.601173346271816
-2.4272555376534046,-0.681150737474598,10.269313925135188,5.064223146434493,22.12303002093244
7.389822474202591,4.146692516565652,1.451153684071823,7.962539293534304,26.159566382304032
-1.0548671036304211,3.947182382391273,14.105001418918452,24.03146327299248,51.97856572178996
0.4970389918075442,2.542552109486712,10.070773494786147,16.861610538518292,39.40600711636368
0.52572652006085,-4.161712509981282,-10.665008335539191,-20.946501547820738,-37.76531204732583
5.941207435194453,0.9377805592539672,-4.392395767108968,-0.9869418065418528,-4.343520831119785
0.682234171412144,-1.906949708581425,-10.814182238421704,-15.881405077088507,-36.151403347828825
-3.0714216939148766,-0.1927733606676385,2.5419852437171686,5.864953794447294,9.723898083355287
-2.6037011338584137,1.4246949688109538,15.19565744116004,14.699984809044178,40.528648291269015
-2.4903194796070425,0.4952868535013733,7.382852931365542,12.946271275449137,26.01228016622367
3.3777446259081656,-3.628883218756852,-14.579160057199228,-26.04360382436189,-54.38885454784744
-1.5918945020160713,1.482703497195423,14.275390799495092,14.70893766249549,37.62697082419992
-9.686220499855368,-2.1903325793654607,17.06211868186291,7.004921762037796,23.047596321069648
3.2444522626675893,0.9295903602676034,-2.01441000559809,-2.7048195591558315,-5.130481320541064
-1.155804124610012,5.058110493888733,20.30731414657769,28.846018326847545,73.68731748487944
2.744057277176755,0.0467153490476355,-0.1370218340016125,1.7318154605235607,10.330290184183076
0.7085823857930632,-4.0019978005492725,-11.470222369502029,-23.480270654627724,-50.43684966811994
-9.189433869729404,-7.913767461865136,-5.122847150993403,-21.150115806042773,-48.927129523795344
11.51932603784612,0.5617727280250588,-18.345274302098236,-12.45749947781757,-38.06041693481889
2.750055975251599,0.7045312730348732,0.6997892638069585,-0.6558726653050098,4.613225840200085
-1.2347845808505866,1.7118936596302117,4.94664861629844,5.4631194055230194,18.247632138916558
0.7265536353343596,-1.054220200090498,-5.869933227772743,-7.203754727866476,-14.767896694656113
-5.891243914361618,1.3299912389544992,13.579434989551604,13.685441880508955,34.812530649539966
5.648568186258983,0.4801793783894669,-9.859703584459425,-11.524144169264863,-25.82546803729806
7.474286196665728,1.0266162119875768,-10.202068408035222,-7.268697922672997,-17.776045114512424
-3.972730444749167,-0.7908860960192845,6.447267985607716,4.237149659768203,12.484521786308417
-1.7062939555764849,0.9609246382388096,11.779318406488944,5.68562643621816,26.25754481419536
-0.9543605502403156,3.023184710098901,11.74223812659574,22.198022749023384,49.29573996657415
-9.553951575190988,-1.2112786016743793,16.940230282190686,8.367843239476725,28.45424219418546
-5.408715063901382,-1.107526116833402,6.703790547498932,3.675666927849148,10.42336303493996
-1.413334684090236,-0.0102274396143939,5.5221378977302855,5.92733332611127,16.47417714218173
0.4114273883132567,2.4309767924535763,7.859907087915259,9.862310955732454,25.211999252874676
-2.2965429321275432,-0.4474175539534679,6.903385900430143,8.629418995371372,23.37296834469157
-1.5075484286985714,-1.0097751722268258,4.9469490167332495,6.082038083356043,14.971527884925456
-4.868186054807789,2.2271177629280245,20.767744622562997,31.156347344865573,68.2798219162898
-2.8696146246595884,-0.852829278982431,3.945849613727401,-2.070258788964168,4.81339929716866
-1.59300050737578,-0.2655759166577713,4.175220589069929,6.119575687995992,10.676694056010223
3.0418352685133985,-1.5954369505366597,-4.809631330686292,-10.249591834828866,-20.36437012864479
-7.093047813284953,-6.456345239000668,2.2009442643081023,-9.99591077589225,-18.471938218967765
-3.0710292038999123,0.5187998826285141,2.921329471838773,6.290689670790654,9.61508166170842
1.3558071779215906,-3.6168208444040806,-13.888003082747788,-21.99595870679381,-53.68914214707852
4.257836535354246,0.6027926985007015,-5.433530946188357,-3.0508353278281586,-5.080133480976704
-0.7124721167214907,2.8688876390379248,9.975971603922368,13.296562503463967,33.85550090191353
-3.5467450149944684,3.196148839309484,21.407754332371965,23.4272483990902,74.13088078328704
1.2543338524319991,-0.0942394595593874,3.7491654231306737,-2.8693537353187075,9.287044692954408
-8.445908951432525,2.44229542072984,25.749553175139265,25.703647020218323,71.11796034576766
7.744141439145338,-4.646295004347405,-24.606384865018462,-31.05650062319948,-77.16958249272733
-2.991506634789213,2.321263077715832,8.399684922228243,13.017870142554814,28.347711530042883
7.719608664764958,1.919905774493225,-6.76225379709229,0.9397699050430188,-3.839930233600345
-5.162567135581059,1.8282219555047043,17.227934277108755,20.41619952249889,51.08260114243068
-0.5452506147969398,-0.9006971913175951,-9.541865235307148,-11.142636757643578,-32.344551897909874
9.92668537226455,6.474510598750733,1.2448531704813028,15.717988716693164,36.760045856866064
-1.6900115353720775,1.1362109792514294,2.826021400569389,4.835784897724073,11.304798138938386
6.5200662523159245,4.502767864970194,1.765869815930591,8.992521207511311,26.531980462267544
-1.8948532743225632,-0.2535885318992255,4.876867193588361,6.831394307229965,11.91131094589552
6.6736762864438575,-2.974814057462634,-20.48802479755483,-19.362917784733984,-56.194848962188665
-4.725985456161406,-2.38275707660883,4.793102733332638,0.289313462423344,2.4834030614557503
0.69430522748342,-2.8254580003444376,-11.74550403416985,-19.275720083252125,-46.33058215382182
-7.656732426364615,-2.090970014373731,8.866295530419748,3.499368286496525,13.040381400734269
-1.3938801480724778,2.433435133968449,13.789041034152122,17.80953826652501,51.09279953648857
-0.1769820059021191,0.6961109146167215,3.232638182860886,3.99713840906884,10.605866119585157
-0.6392282720813232,5.258728817530381,19.5408520169436,26.45879002935421,71.14041753820504
6.568151707027893,-2.7807659161034755,-14.24851238626992,-21.58811816117736,-44.65584145637239
-0.0371543160053411,1.4278016171283654,1.5743323492450243,3.0828256369178955,5.815698722910994
4.789902097849084,-0.789460139634568,-6.460124133051231,-4.351800374836877,-8.964670106825194
-5.931197205639551,-1.8077256726829456,5.883717232574109,-6.427883580977349,1.4681371102303609
4.8119218624095685,-6.276305310762655,-27.479575040035947,-37.5251515767212,-92.59038227838067
-0.6678242440194193,4.55841329004296,21.77664277694028,29.191234985313645,75.404204330995
-7.89930830047863,6.202471448937178,35.17345599272501,46.29811979759108,111.7757718004851
8.441102460211358,4.719718889348376,3.464175193588327,17.558366409356587,42.57334085220347
3.9663761389166634,4.224531223095859,6.19447928501471,13.876597811743649,38.20501683159139
2.2755863310206546,0.7610299516355239,4.9710828929715545,6.628155455437906,26.598409878860878
-1.6049837748300475,1.709521543357456,5.79517707639906,10.257607098166172,20.936366321477497
-6.120034547053766,1.7821206143561503,23.905884390446936,25.058293656266788,66.36817945823586
2.880984061889313,1.5588334395984065,-0.681149462607666,2.879676822230942,10.444849464252073
2.837196137204631,-2.786813162872725,-9.49666364888991,-16.96885226209518,-31.78580520083172
5.655693743317639,-0.0561346060249714,-9.327031409519352,-6.631583916781538,-21.392930050940063
-1.9128424666536967,-1.9605260787932703,-3.4345419455926027,-11.000220374819689,-15.413679445000977
3.205190859617332,2.259828635997956,1.6593115745718556,8.471228448211779,16.318030136475166
-1.009407536869054,2.22528533374416,12.76510105880323,14.262890160828576,41.13184373429542
-5.677965052861691,-1.1438143835522343,7.276992717245055,5.284828345738883,12.492685743317324
4.646158720890199,-3.0586863795870265,-16.049223922647098,-18.090961178263147,-50.842648288025465
-2.209375271546311,2.283267427615147,12.972240898479049,13.068233875379008,39.18148984295534
-4.050038564141223,-3.407064110355092,5.549793904160023,-6.076901927322024,-3.3642585160581198
-5.319688010971772,1.3184101099537089,10.629641094972405,9.002237894031465,25.30188980545352
5.300378724638602,-5.826396497754741,-26.75044726125877,-35.96730115058014,-86.13392122341881
-0.0612174855390795,0.927730228155044,3.526678041181267,-3.156320358096398,6.810114127586417
-4.376503456053595,-1.17421103942582,0.1019704532152268,-7.073003737912014,-11.808229870302313
6.197658672902881,-0.5442823890803126,-12.4813189218061,-10.316531865746237,-26.77180347118736
-1.2247940955932697,-5.406872240020081,-17.225720401085187,-26.91460172163473,-68.44420781587544
-0.1108169164416628,0.6145809571397107,10.148778911642072,9.983463030978523,37.70145321052628
7.146305485174178,-2.7638510901676288,-19.00500762313356,-22.001792412588262,-49.46504435785612
-1.793807661302552,-1.5639168168483844,1.9044806238814245,-6.220701194245505,-2.4346425523054096
-0.5465190393180993,-1.250273005020901,0.8990732363264908,0.3738613372384631,5.240473859266524
-9.225979548223936,-4.470640283488297,7.427952824566877,-11.541089659572355,-12.112755773910472
1.2763229571328094,2.133865020088584,9.08493741320222,9.409541684553716,32.73524965706726
-4.35484978064765,-2.1423077891187576,3.7904272770197753,-4.1259501421022335,-5.833807597708127
-1.565839520707169,-1.8017545964968116,-5.577172272409703,-8.350625928818381,-19.8111672635914
2.8892461017232414,-1.9347763725742728,-11.639074312387953,-17.384564647832068,-36.64569884440061
0.3947870873995938,-2.9856835355359395,-7.141509431119616,-14.475185047923274,-34.68881404790799
-3.0984683960859947,2.280498698902631,13.879012551604744,14.97969500625565,33.036557526277946
-0.3133039442404166,3.503821684615735,8.656818269112893,15.07269045635748,40.60877350851093
-7.614235869200802,-4.783308054331194,1.9600411593655724,-9.125485874678498,-18.06731431561263
10.494278982943456,-4.297147385270695,-31.09757093341032,-33.66877235479821,-92.90194624741436
-5.330958717477103,-0.646231467461553,5.363383323569654,3.619299108151168,11.924010373006482
-5.939512017119596,3.101634604563353,22.251202309265352,23.94850367034113,65.40090945445235
-0.2735734770523855,-3.4092552846672723,-7.923358582997588,-17.03289851437857,-39.19430008965324
-8.665141008439587,1.272730157468938,20.902345619686383,21.61722825410991,61.60999874496441
-8.90049569184202,4.726949237899433,30.1495911246728,36.69314597135387,94.24100482495294
-5.163864339047432,-0.7070558626034006,9.085021485699391,3.611677178532275,15.071715941010847
-3.705441326935496,0.7888771655074371,13.53651160594252,7.456609736589623,32.239640176480194
-5.455210333032286,2.23039708582152,16.53234136011357,15.66002706825474,41.17260472585777
4.220326338127677,2.6031187581605195,1.7561549690959066,10.502490179352328,28.38191622011853
0.7557403293075067,-2.083679360092718,-6.865721932986184,-12.203461139937897,-22.12204087928384
-7.971898970294312,1.0790611786991875,17.864634932808563,13.967387981572951,45.132760927926384
2.7025699243972827,-1.6472335816201982,-7.744178934150624,-5.904860290921311,-22.11862713581136
-5.650509085481168,-3.1998382261341867,5.641533581908119,-5.706665840896487,-4.4006775739573865
0.9311738367746704,-2.118409318189208,-1.2335197078676967,-5.190137719245987,-6.242517365683463
-14.539747535636906,4.037307540345019,37.796455118369146,34.40234654681497,100.01475124172543
-1.4961387390813623,7.318242191595502,21.215647014523405,39.62173258076766,89.48818751806579
1.0469234619474592,-3.1559112700983114,-11.18354786569902,-17.040363312880583,-43.29763586029634
-3.1695396620794125,2.873969832283516,16.624087123399242,27.95748212497936,60.130904773410464
7.299938195325682,2.978976510153735,-0.6210223212727879,7.750030313715303,16.683349263129994
-0.713723431313247,8.552123211352768,30.1262093569652,45.53994232114369,110.40766811125634
-1.8063649280565663,-1.3648895712436564,-0.887468192085551,-3.8827758765519658,-8.599158016469023
0.2634198961276089,-0.1869680255746098,-0.2657194887401328,-5.157538240962738,-4.7608053525879095
8.6842459529956,-0.0955020528406537,-22.252661639558745,-21.421830656375857,-57.86058533936521
-3.3531624983636696,0.5743137285987434,10.074452036024072,14.23201221547393,32.30954193160702
-0.967423702337509,-1.3301324689440222,0.5112271535418631,-9.597791396979789,-16.76571552071362
-2.6564621307878897,4.325997446328909,20.530380725455387,29.905460183261624,75.22383578475899
-1.997918818407295,0.7838176594061257,14.0039811052416,16.358825684440692,47.59294266510241
-5.220583476900878,-1.6764710738989406,6.443492456963757,-1.1707177304181742,0.9006292670469582
-5.510380917673309,-0.3955963894111119,15.954922743479838,14.910024989117122,42.20271598283577
-4.7204625479331925,2.0265113427173187,15.773683223347769,17.718102750383817,46.166241056660496
5.360546056792947,0.5633681992497623,-7.506000886879855,-5.136227310061974,-11.763020993466863
2.6171541128753515,-1.1526947128200111,-5.196223549290784,-6.529942592690273,-13.836066753172172
-3.419257898666984,-1.7599509247607,1.5934550640507696,-6.353842749487073,-5.08721768879342
4.014900383120271,-2.7947868763598644,-9.683862113445322,-19.280432603068,-35.09543959478345
4.455598026218907,2.471689327827735,2.207086084039343,9.377996143424197,25.183087410651737
4.191883260245846,-1.1368981757368015,-6.95720694960195,-9.21195343447348,-17.927450668541344
6.518594633960031,5.183964033844478,0.6562150245493079,14.596403309056353,25.872252974274247
-1.861905966210281,-2.389890462187142,-1.8128700033195184,-10.199265177618033,-17.05123337042908
-0.1516015419342261,1.9904377678389509,10.178686301674624,10.01538402514461,27.089524141703517
-1.045608284217329,-3.2780678249322426,-9.338475442201084,-20.835254097803706,-48.30186365319297
4.64001506514784,-5.177670014370211,-29.213041377721265,-37.77092737296473,-94.00192215334468
-3.8053999277785335,-0.0094645196183267,15.203949082980124,13.83030292299392,36.12376912598124
11.692367672711915,0.8534086701886503,-14.372535348549407,-4.628143678518888,-13.808932241021022
2.506286426973064,3.056651479330552,9.417849998300133,15.606580633708896,42.606405382331374
2.3760471329064363,1.480738640834038,1.3675417203783016,1.331552997277711,2.742705392719219
-5.00563921876734,0.504685822480192,8.727393464904553,12.924511148099128,31.025074965884464
4.173580942913621,-0.608258248298614,-12.324565473090733,-12.12686313981511,-25.713344960405777
8.409269055779138,0.869386796536837,-3.079598967329224,-2.961129502665319,7.571150774842244
-2.170643917988212,-2.262024582219728,1.4812788715538354,2.9875448865609755,2.894557105287124
-4.268243817873346,-1.266344190781758,1.945498964304308,2.230648933341651,-1.815989666811713
0.4682733075462599,-0.3362858752652353,-6.297622603986913,-6.100403320943401,-18.200283042492195
-0.0400627125553616,-8.500972368040507,-23.697115718326224,-38.33197501285762,-87.32972111669604
-3.308476302450344,1.1247556007202812,14.08100856715722,12.780573234007791,40.29070129025491
-3.839406821012524,-0.4094647143705969,10.94366525851238,10.124315923264636,25.23488492096948
-3.949261139824448,-1.2536661762567318,3.633454940415661,4.255514363086471,7.753528832186237
8.377038557243182,3.718904967903614,0.57690220877421,7.18853482174427,24.31428472587849
4.00912537715411,0.646108793667882,-3.443384592524298,2.27741610626991,0.3113487323193391
-7.226832423228313,4.353506468401426,26.461682518970917,28.347870279821887,77.74978856728619
2.861742175400652,0.2001459276721799,-2.56269119519078,-0.2642371633269542,-1.4038396856847355
-1.535677722929636,-2.6289802158764592,-3.7380295134190846,-5.125150784921866,-15.720160671610504
-2.130097365318557,-1.5107537053485178,0.1603727523936497,-1.817458677441354,0.5428307659893319
2.8437672780419976,0.8448782343200401,-2.749767868256538,-2.976343419588768,-1.451478905257433
-0.7554475194582577,-2.383931153663871,-4.32459226452983,-8.94121938964124,-24.686070546127183
-0.045146937408225,3.9698211289638583,18.41378663029696,25.921739339502206,67.47405079472108
4.30124559825224,-0.5381868382685105,-3.580790702456861,-2.4599221713882806,-12.342338870161342
1.018177411809161,-5.075253504338529,-19.322283559990268,-33.343080723891624,-73.16262039784988
1.5825571728732073,-3.779315138279981,-13.24240287639664,-23.93173768571686,-49.08953063229105
-2.944714886192219,-1.399722095879708,4.852072666946752,-0.004765299976351,6.585532713602585
1.9201580962884817,1.254011222306826,6.2394790238570685,7.437949685942431,19.612308249444794
6.279088183906296,1.345286892446172,-10.5669766917519,-4.59681109828893,-14.388864031671824
-0.0084361127659675,-1.5316954026422207,-3.427284413903647,-5.410732369073786,-18.94843107229868
2.1915418219508407,-0.4121297116932397,-0.5374368910323057,-4.919315318780808,0.1892123240930354
6.826381552109751,0.60014695474964,-1.671611727300922,5.103090038696143,7.537530471626455
2.4808599813139,0.4170999117530019,1.005348269110367,2.0653655292098723,5.681681254024642
2.758804776129795,-1.0894462154866102,-7.188609314399635,-13.44475934538406,-28.985993295488825
-1.4590590670823718,0.8376501456419632,7.360652172230401,12.237042893522368,26.06396727774393
-4.334641586454555,-0.9694029984680996,3.3118461939551955,-1.603431011721921,-4.2344528529428125
4.318678671063799,-2.3265609181853977,-13.644708723185271,-15.284986313377086,-39.86167219804393
-1.7590490718979543,-2.271492294352907,-5.178557958274964,-7.826784315828841,-18.061991564627597
-0.6939239016864719,0.5598771586817579,1.6833019660452129,1.2635709559603512,7.047166125932208
-7.024637301468137,1.3394742491743432,19.98276852672396,17.301101801504377,48.11285023968546
0.4660561679549784,-5.475084975512788,-15.006712982559982,-28.204134470462357,-64.24469928246107
6.337661157346057,0.3234896468058335,-10.882109142196663,-8.287585571182715,-20.5260576893416
-0.0782605000358873,5.609426742243514,14.436284414917568,29.986563625188623,64.24006993813343
1.497442397643527,1.2102096287055364,7.627134614410289,11.72504957127661,32.682398448791
0.2164885341147767,-0.2756076476780523,-1.7221268263621776,-1.43850919385009,0.7353279621153286
-6.668813052462847,-2.035121434184799,12.231218206850196,4.930103984401535,17.202634139328268
0.8981194998983116,5.864200689465882,13.226378016738842,18.26056030444696,54.739016875345314
2.608604006149501,-0.4229724286221424,-3.272525681978096,-3.28089941752167,-7.63681446777353
-4.384385323294138,-1.1796921447182651,5.316307974947118,-0.5531706588858869,1.4547310773389963
-5.643825797632146,0.2651487252183296,11.538242464337236,16.96044458290483,34.82003501802159
-6.628399241002092,1.1031164831132312,14.997465535845162,14.683919912000343,42.77789626797736
-3.403967442296054,3.5674514541664326,17.88419384392116,16.887657607287306,54.0688343359624
-1.1296685484541915,-1.0401608716873278,0.8660912115642281,-7.805340233633954,-9.410802413942656
-6.384266613159536,-0.4693384144944184,15.510465392133668,10.948483576846115,40.51168454024868
0.0914219920558106,1.5209294529607995,3.333563732086077,5.047639487183381,15.269431351288985
3.0691564957503457,0.5897088579485102,-1.366254249935557,2.872160261474355,6.765542189070677
-6.887308038100309,-10.762481493643373,-18.650106450013283,-43.4638377152793,-102.49992217121512
-10.920056595268834,-0.6079767214966618,23.86171454318669,17.1330087056189,50.41983791311541
-2.0149714140850943,1.065118587324,9.691444202146826,9.805530064016256,28.75645694205854
5.485436379595918,-2.834668226858437,-18.399967081337238,-28.04874000585497,-63.68392089946661
-2.8750589850809294,1.1267469193307953,8.625971091171072,13.196181337183418,23.91609280356149
2.127486858522906,0.5675669247880756,-0.9555988295537374,4.832539308785025,5.6194885909404695
4.101572743120421,-1.2919795338269076,-12.327203341502443,-14.079130874891511,-37.0342754852192
1.7229160756208937,2.178408869664169,5.043543181534045,12.575380410648751,27.664626090763512
-2.140414955578975,-4.66073452656021,-7.2048204975838965,-21.7194104909512,-39.93845480803106
-4.373715766884527,1.2258766825218297,15.20966365953598,17.564836621236203,42.14678480138871
0.2376255393347695,-0.0420411741192519,-6.258024790606408,-7.287859331787564,-20.652483749649114
9.84053740038204,-2.5226358514195804,-31.51751504092659,-35.307728557590686,-88.35952580388673
-4.916858960280295,1.7185284569122783,8.18848585917017,11.752764710747192,24.58281038052371
4.183130114742199,-0.7354952054970472,-10.354091244606408,-10.048650993241834,-25.995182602117715
-8.69296040505445,2.097985663284728,25.192108263637092,27.3769428945008,75.53950302260678
4.538929303387965,-4.184125594228107,-15.74471417298182,-22.12004801472561,-47.76486473773207
1.2734032412339642,2.1544516276555314,10.437781542582456,12.245716591259896,35.13925421484316
8.817351040747287,-5.004243941728165,-24.61995261574113,-29.900014632388555,-79.80160101431544
-3.149447555690628,-1.0930716004986545,3.1600423584281576,1.5499270196158272,5.226914292854826
-0.5689690366933546,-4.991185239995136,-8.82270483083337,-24.456644596385747,-44.498468128548005
-5.14328417793675,-5.6562949676152,-4.855931499513435,-23.30321111512746,-46.70537540388867
-4.142909441760148,-0.6129496043317291,5.370248568468613,1.056698489550434,6.226753879144048
1.2597460706561523,-1.5905145275183117,-8.530418971091597,-16.04571997918607,-26.84932019079601
-6.353499942320523,1.4323550541146564,23.346899722582517,20.881867050365337,58.26367545719333
0.5596138467851193,3.152876017625561,5.690557926790118,10.52104124720547,22.537802827899043
1.3494827994559797,-1.9141858122491864,-4.756269650739945,-3.6295573224597097,-15.671066083719182
8.815929086282138,1.5844259200589397,-11.957102073523249,-5.816057710454119,-15.040477521655763
-8.416788654362405,1.4758713833896984,27.08354055953022,30.719421927677224,76.42481511313122
-1.271827729831606,1.7238642867635043,8.275437290730883,10.703773300471784,32.70920753860903
1.5418709161615252,-2.440714276462613,-5.9519477814913735,-12.355630025930136,-25.881839650825484
1.0744230227836744,-1.870887579359291,-5.730040256761073,-9.624549362864412,-19.719023147364297
1.4886754707408894,-0.393720958006986,-3.357337950906866,-5.404999246083051,-12.015912638766316
3.7887280786105952,3.4957750234971776,7.50065018938718,20.26442572445981,41.50848940623115
0.1717484040090348,-0.4079472062793471,-1.8620300101706693,-4.180709621785796,-6.187880188915518
-4.118881814747904,-1.8975206530236512,8.015469161015975,-4.234999560452302,8.136133942034185
6.833833021644727,0.8184748261957946,-5.753793250998911,2.364424524268803,0.2779778040879049
-7.293383911439358,3.8092675364555744,28.231361043123748,29.96065723505724,84.0155007499227
6.834895306341929,-2.7159007957245884,-21.214561538871383,-23.236324939758877,-58.984216415872766
6.7616140761424575,3.8567751672419983,-0.1155681773510888,5.09198483804505,21.30961423856571
-7.7894525241996835,-4.972528274324771,-0.3505479791412629,-10.691732641901194,-29.432223383956703
-0.1936879910129179,-1.415675191058045,-2.3160903418697574,-9.450938400998805,-15.109463577676182
7.848184891548751,0.7979975015366396,-12.48443963862007,-13.323159506976626,-27.78995450854462
-3.679507348104365,-1.1498103987109038,4.265062839051262,-3.69959097085457,-1.431019699603961
-3.9003318101929576,-3.8282320564330488,-4.3129385786233385,-18.592010755220148,-34.63603633609279
-0.77218202365522,0.9820210992248952,7.537098888586111,8.505443057688709,24.082594892030485
2.0532190284100382,-1.578792045662087,-3.691436352922881,-3.5822791697385794,-10.351341225112437
0.5433631339371241,-0.9306826601441236,-7.238782394131084,-10.013162859547114,-28.033741185502688
0.4923142039856807,-2.046993137003041,-4.225801829641871,-11.5462670075852,-17.462658370960447
1.3538088099296144,1.0294924710703317,3.1795426845506727,5.701155730794462,17.52957369588902
10.765643696719769,-2.357158196302531,-29.26351812930328,-33.80961157222609,-82.19038804187666
0.5822348569941715,2.622315899386108,8.235606727959611,14.6247943519746,35.05943905837861
5.090183573876952,-0.3880314034224125,-4.424264092352713,-5.894071041586347,-6.974747640085539
4.287738878152453,1.636016705762156,5.388714239746039,10.287764219689258,22.3717300731095
5.175924941459845,2.300996287441229,-3.0133680180450684,4.063467970403654,3.370344707258256
-1.567161534777211,4.4464903701251455,10.080375028683124,16.709323639711023,38.40054116819439
3.0970021999602824,-5.273098836413952,-17.58124248015473,-25.857812266384943,-59.524426323375145
-7.067378704775445,-3.034931259518721,5.117696283958224,-3.530553198271483,-2.156884069551815
-7.981971089653583,-0.9062870273079224,9.791922783618102,3.618738395794792,12.274486928175907
2.184638517351415,4.406756687771335,12.347680237211964,20.211112352118334,49.564268683723
4.472130182113843,0.3357768556705941,-5.924634656891438,-7.372107815426526,-15.341416745588976
5.092400291381495,-0.2570309643627264,-6.9344350625206,-6.192908817114171,-14.781483521275334
-10.973072538202606,3.4048340828578025,29.18883850555313,29.225317636072525,78.15433433871188
-2.3761824789682406,0.5807670178337461,10.273422514369212,11.066645030998847,32.66188822403042
5.543423048807865,-2.2784253056694808,-17.006029435816103,-17.811302425466035,-46.87207318835253
-4.533789605558292,-0.6297790236721068,2.5549181014095845,0.0158869066874978,0.5827355201406003
0.6747022282417219,-4.018324124536703,-11.5345968498215,-22.62190933672607,-45.17730640193849
-4.756750998028211,-1.1408732913350426,8.95389981438215,3.779454179893062,13.545711223338207
-2.618325944175925,-0.6521795216154262,6.623895155663321,-1.7065416615324531,5.413044438993594
-3.0109618180505047,3.5351254460153463,14.358033549398847,18.64287010257653,51.88396293407173
4.0322624103447655,-3.171231424596895,-12.400967329377895,-15.768081017013632,-34.68831515730717
3.342087995227282,-0.537877039654393,-1.5752905505069634,-2.4342526778265614,-5.218060752851978
4.901244221062727,4.146520392612151,9.420465502204364,17.39623071195746,42.484015240612536
7.22968562355662,-2.1052515588925638,-24.06780373520342,-24.84011246086508,-62.54192055423962
-4.924230386291954,-0.8373566383390583,4.220454754136967,2.466173661648269,9.59305081566875
-1.05076796908545,1.759739040859622,6.707186629761151,13.353769960376248,33.998658743652804
-0.3626244991932786,0.478844139935182,4.027379720953331,7.218109728710334,11.397001429529912
-0.2412425703210395,-2.6224389608051712,-1.6688041910476024,-3.1538090655411217,-5.2513329298883
-12.54650797388251,-3.2723532864544262,14.03499686613196,3.5585449905202813,17.656787437122897
-2.4050124361876386,1.0966106899117247,5.432368524795287,5.57552438893422,13.94954384151331
0.4236879848499538,0.50391468323553,-4.585105417982866,-1.3152317316290405,-9.426735729915046
-0.4444191264002095,-3.297645871775107,-0.1001454459448538,-4.402308838031258,-2.1397573150720497
9.392010118146835,2.935677234421529,-10.609745193319483,-0.5857304437465123,-8.680755934127651
-1.6752227911122866,1.6379639554995022,6.079880905136237,13.09688201271558,23.21522423876968
-2.80198569996402,2.943020566709245,18.172622699564023,21.822699260173355,56.71789928322493
6.021992393687648,0.5903402781043319,-6.101543726917818,-3.5833474166783947,-10.802674828717729
0.153639580094287,0.3348820759500173,4.158219597273324,1.1977341072830163,9.41068315475282
-6.185235955964006,-0.4392473236033543,12.386593955042722,11.714779309728524,29.01042921583745
-7.774512723542733,-2.294943348671044,7.111967593983802,0.0745076190941096,3.908209104033318
-2.4736413114395317,-2.367766589329076,-3.891506113645028,-8.976497025908856,-24.427946043721768
-12.575125342384103,2.400662645366942,33.76682118521653,32.36078992600187,92.02742839598658
3.351686905778021,-5.242887507965309,-16.114568808492166,-22.156418311791228,-50.623993718168975
5.39994441862176,6.238616041073032,14.15152142732786,26.280588802176588,65.83364082545086
-0.5565992978506462,-1.4403018655984567,5.458894362496584,4.869409507520434,13.924356589971348
-3.597026193887097,-1.1600866121092823,-2.0908042753652825,-10.653353184034064,-22.37820353196336
3.363268326958425,-1.3946976767259065,-7.38643425791106,-14.219744669295196,-29.761558254285408
0.4205737325796803,3.199627340908367,9.400327941007696,16.306228893470465,41.1034492183162
-0.9913160938502872,1.7792100153909398,4.545769223417704,9.396654010622662,23.131612364573463
-1.762289148238207,-3.747469894052699,-1.991954669342907,-11.558779877466096,-18.45931742997084
5.702843902744588,-8.342511824644259,-32.74914802087357,-51.14319384724607,-120.57980297804754
3.1724076616789745,5.104824504338235,11.763652897735634,26.651929997529564,56.78079990364101
4.553728453655559,3.276203119472096,2.559529241077648,7.325237614425089,24.171670217806923
-10.062759789076996,1.8809488091213395,30.903348715161997,30.42307670907352,84.52374071701999
2.600072794009713,-1.6002228777350012,-6.503158958709499,-12.018053734812783,-25.82895015701694
-0.5740297290446892,0.4355840441091121,4.701414295636084,7.025459848864905,11.712128272177658
-2.808111826079392,-4.322279114007215,-8.796142110479838,-18.720874771986868,-40.77793669790967
0.2640934730245944,-5.080362142534617,-20.741971655379658,-32.236227451889256,-77.45735881525667
-4.680732964407669,-2.4548261038807984,8.136449477520213,0.3030435321691489,11.011174873244824
1.5852221193216278,2.8725053874505253,3.0444057819065,7.312417103372933,22.169650890784983
7.254868692655746,-3.700685109165682,-23.948369876165167,-29.9364186050662,-69.82686221345914
0.55825153400992,-2.885416025354081,-7.259482430660246,-15.072403020008988,-32.236689803577256
2.4733916811017345,1.66606981574412,2.01605281218681,4.755099802390862,16.602492306972618
4.395658421113246,-0.1279589095385339,-3.5968508634376457,3.42568474051748,3.231714264110722
-2.7391986146899883,3.04187603653485,16.790748048444023,18.228389739050577,51.75584846007306
0.3133833726841017,4.927495024689662,21.159312351621335,31.41202360639057,80.7766808951888
0.2047053628399372,1.0348120070801912,0.360978288212987,3.913926751682817,9.78002803678795
0.1617322612676334,1.8125085221590207,7.818611173371003,11.866859231937047,30.9563649848448
1.6632881383687834,-0.2674910974809459,-3.596266190805733,-0.3324233061540136,-9.993686036068162
-7.933039804804835,4.577996750588005,24.72410408421093,26.60509846909844,73.24246962894782
1.1159094813639236,-0.6786307646894391,-3.8760219533842095,-1.3715269462501656,-10.039349552109671
5.291598473255732,0.70022193548631,-2.818556933669236,-4.403671265418566,-1.3803910034440972
6.384281739795281,3.040478847608337,-2.753584357015868,4.901597904970043,7.772457299195578
-1.815147171459484,-0.0009321513934502,9.322115781279429,7.385496651791234,25.287820820434547
-3.2960199650029915,-2.1842335928289995,3.337535615045824,-4.2558765594422105,-5.440907765079766
-4.8805556040259495,1.8337134793211904,16.839930109484783,25.251122033886617,56.63196220440904
0.4566010160358812,-2.8818074117157573,-4.782562800020264,-13.053997778708638,-25.72501065458716
5.698931843996308,-6.373725854231687,-20.56693195314465,-29.231159974836885,-70.74026392438182
-8.528290168856934,-0.6798392239878001,12.946714002352667,11.060467451875947,28.382508244363457
4.735804809932901,-0.2034902573942098,-7.298209116540473,-11.439927136260993,-18.00217540923047
5.224807609409176,1.556144645821924,-4.180853231235347,-2.5979373319456966,0.9245098243250828
0.5678130639627847,-0.9927064368105418,5.723697124398994,2.799490912892212,9.954925709815049
4.564367475900575,1.515687633320892,-6.927638534517535,-8.702120758211052,-17.67870324770508
-1.457369027034058,0.1731264202709523,0.2005818490706001,-4.480698017867514,-5.557199193248078
3.4778042805280887,-3.760314019313068,-15.544713741902637,-23.63362630693039,-55.82161167731177
1.4142239752809016,0.6327488886660322,-1.414978831451848,-3.659703201923703,-5.833391847411113
-1.920103964972105,-1.035125194285312,6.211399153667757,2.364965547251386,12.438307167801536
-7.142428920544337,0.0598833117129975,10.357176578768453,8.306753287151682,21.192731541336308
0.2259986614383118,-1.5375181369211486,0.9881312014666735,-3.8183041871017,-1.2677980346087956
5.091496236295956,0.8173857993438267,-8.387394760569519,-4.631165599491482,-12.552744747898354
-5.456354089928263,-0.7780249028781209,7.056831327176114,1.794471226592256,7.899291123046963
-2.0753433591152493,4.973286989641951,23.937592686834023,27.461434702110008,73.92073849526655
4.518242540454947,0.0429152721394106,-5.074303444572212,-1.2024771083250707,-6.234111781778887
1.3955513428193678,-2.1027002648540964,-10.957053287912943,-19.224060908272865,-43.89494087344258
-2.156053253914587,1.6417572395490916,11.3899375333683,11.0654379100624,35.53181481422414
6.394692457657491,4.526115343276067,2.763809775201919,15.134552979923564,35.53433711755006
2.7007885634831723,-0.2236910785083628,-0.4808247815292725,1.5386536012776717,-0.1894698107747583
-2.9661808981349145,-1.4269156785751729,1.8789307795173829,-2.59094104110541,-0.8577995049116849
0.6434551267522259,-1.4298046727458338,-8.930575620130917,-8.713925735332017,-32.01368219414551
-2.3087277469953023,-6.7017157568828765,-11.963356145898112,-27.05686234154164,-64.42224324462342
1.227306317232575,0.875307842128128,-1.7087342345273695,-1.2560346897628474,-1.868083248342865
8.68882890171736,0.9270504593628984,-14.319507042238678,-8.147598462785025,-25.011820111098103
-1.1142962041212767,3.4975408778763253,13.91883019603932,22.27303717707781,56.99769836166431
-7.223313581041765,0.7901227491266785,12.258209724192064,10.110144453918144,25.17256603489357
-10.063878076460911,-5.2752290358013765,3.22365172746302,-11.755496324183532,-17.81364409009766
-3.0132836994139125,0.1345265886430262,7.919555366912842,11.172421850273189,24.156636323641912
8.38317413297353,3.5262057428862947,-6.838476336353537,2.5051781210174733,4.433713351261179
-1.5970897428303823,-5.040402446833894,-12.196028945047685,-27.56607003669809,-54.09169127219337
5.649589448758412,-0.1844510362056192,-14.945408622635275,-10.731291055989884,-39.014593114963766
-0.6857752410739252,0.141718841197253,1.710581807082644,3.637995111938256,8.189048526805696
-1.978524924416968,5.498717796882952,20.270728251529373,25.821717141997475,77.08715075474421
-9.550344973691663,-0.9193061428579414,13.756391694265904,5.664094338025964,23.45835273411013
1.7621290905754998,-2.198531940757627,-8.40008411279941,-11.772608785413093,-24.425946992122142
3.825462975859968,-4.038116053696037,-20.41419077310864,-26.89266325016898,-65.05422004714595
1.982620351300497,1.5585700822499566,3.3234184621815825,6.583531654051816,21.649385983114392
-0.2807934686203794,1.9456886956334465,12.612069141989188,10.281185610317412,38.898791297619645
-2.891744286599571,0.8628621391132075,11.38979293031951,7.007516981906129,31.74208664925895
7.419680376686136,1.8179107145401168,-5.158411918550621,-1.0238762663776209,0.0818279289843927
1.6718610680989523,-0.4823939912312331,0.9396017534225436,3.5975923044409104,8.958203482416632
7.332903875298451,-3.2659496428084456,-20.95458234200548,-24.48184171853017,-54.98091730233827
7.641265465112628,-1.341250932741781,-11.340412239172462,-11.50127159271089,-27.98299220684585
-3.899228416918243,-0.294273903658327,2.2396750855572565,4.592607140978098,0.8539405490628784
5.664245861651996,0.1870793659065094,-5.480184273822889,-0.9554754820494908,-6.938185675579996
7.23910935609924,2.019766466317932,-6.549697781666051,-0.8509553579194833,-1.086507463985319
2.3544829857718423,-1.8245257812931996,-8.826254382362995,-14.638716162701726,-31.278799486850232
-1.0261554222866274,-1.4171427038082296,-2.725089823608285,-6.378986337459533,-16.38653215919839
-5.400194750932606,3.105787688738247,17.514568044665804,19.816031460085583,46.83335670165352
3.9934904330096535,1.856150430261372,-4.115790128350195,0.0461947360038692,2.61854548927941
3.0074259003368744,-0.5958808215188823,-9.95475115333752,-9.90829426983926,-26.532042037708727
4.6787719090171525,-6.343644441269,-17.236190943236416,-29.260542779095683,-60.76763556580119
3.379250687353561,-2.15520946726639,-9.628067701719822,-12.995423371623415,-25.05549078050402
-4.886560805070899,0.722810592211539,18.36281571827504,25.41352032104072,62.25850364980358
-7.061652573275086,-0.2043013640807068,13.1337125604321,11.093958251619062,30.76690223715181
1.635505029607629,4.64376979689829,14.352646911974446,24.0423271352909,58.31101443115545
1.2767641009696675,7.667683377683479,21.512471375529227,33.433759059192,84.68915323099596
-4.456236101937669,-4.355487605535322,-3.56029293901864,-12.511409402604672,-28.20257728276861
-5.980854731274722,1.1467944986760334,15.123382022568023,13.885629315544422,33.67286863092454
-8.072500144168066,2.5330038182576344,28.8376068291609,25.51683627210945,81.91644182341857
4.00046812917685,-3.95441019550516,-16.605711701826678,-25.07792102536913,-53.15634519425976
-1.6002590773363154,0.622245733436611,5.75068102376278,9.752169191883455,19.748890229206392
2.095965297171974,2.7308989933360994,3.700086637786962,8.234909456524097,21.94583716509421
-4.937413709173654,2.213476177118717,17.76025571779982,19.85903636141754,52.6464676464622
4.304708689752054,1.839824973169516,6.173153833378429,8.683396481885941,32.27037520521076
-0.3380426458822418,-1.2315313884709251,-5.880932151333962,-6.882188780387104,-23.69530008201368
-1.192439033306986,-0.8633530906833594,-1.7289931822617433,-3.673262539493416,-12.78382890892823
-0.6541359441939466,2.404632514644846,13.447334234433558,13.170406427104153,39.00968339204204
-5.968194569732052,-0.1922302204894709,12.49932256650918,4.361759042247601,26.514955292774214
-5.731066065655098,-3.64698619300501,-1.9719468497060388,-16.29852537417473,-24.545536453268543
0.0164031973820008,2.0228583406871192,6.553961265377282,7.645307191517249,21.34287904117389
1.131588828196174,0.7811239755729031,2.382964268664231,5.480672330155033,16.129786654166224
8.033259660824136,-0.7629005613905762,-14.65220457214338,-19.12288831537564,-37.39092876476777
1.4021167652229602,1.45819920852979,4.168100759210079,2.026811883559903,7.263188610860155
1.292464264065155,5.518045152377832,16.227648260000553,31.53739728681996,71.94503106485075
2.673316148575815,1.356795640424471,4.441313606712317,8.818041201178055,23.5985641310964
1.487534744469801,5.758579216713057,15.88265807275282,26.44479024695369,69.62503745673055
-2.5693113908584344,2.5420159742371187,13.760902238196223,16.912888935929434,44.67168446003099
-0.7354612379527319,1.6490918073441674,7.020309776549191,12.01494283908923,28.541172761940228
-6.593022999247279,-1.6910079334651402,6.466228669823584,1.3451611419747245,4.069923258068253
-6.4290631510168605,0.6091334652261321,12.214206042845294,10.745787082608928,25.67099899355325
-0.0532372251546889,0.9392757886558406,5.554919523907748,8.77388957146367,20.445718637966475
0.1946274430425896,-0.3158050667172659,-2.95903665773165,-1.7518399039726535,-9.2693032386338
-2.053916802646166,2.3316654371038767,8.329954334075262,10.308861942400323,30.4848787207202
-8.739672944630222,-0.3480011594069215,16.67664196559717,9.682902582036704,36.30182740579284
3.434222313695321,1.2182135854395342,-1.5003749941454927,-3.638412278218947,-1.7058231912374076
-5.305216293150415,0.5792823846862561,9.491218120817903,10.418115024805989,27.161069097580945
-4.211252407810761,-0.8831871005689337,6.232337715097381,4.560242396555292,9.54685799584701
4.40431202671806,-1.4927063491469863,-10.612264715867786,-11.079132854945382,-25.04699879097771
6.030444165913956,3.9327710895115713,-3.3226237757656154,5.146833143522248,7.50437130797537
-4.9501940067931365,-2.909392810520601,-1.0338330466424257,-13.638871865080906,-26.240992391053844
-0.1127706506171898,-0.4631520177972049,0.9056252356969596,-8.95803045664067,-9.856651518386464
-4.487946609491553,-0.9122588776470308,2.4821413780467707,1.6844390425011495,-1.6557759541429824
-2.485138273582172,-4.007687852394374,-8.885863065606973,-21.548299470465608,-45.97726220612981
2.0211102601187263,-1.5607551340022383,-12.403079135311405,-18.48330923838339,-39.51287809845802
-1.0489142744298607,1.037309788380477,7.037158898928408,9.472969171340107,27.343335062973985
1.7327974624977198,2.0467110504085864,7.74610136431448,12.040075192042382,28.293491408525423
-3.326140234601021,0.064368672134716,3.966203450702663,0.0808228286774412,6.043866094044663
3.4427468069865803,-4.452984936121912,-17.620797686665803,-19.902059351662984,-48.316241099575606
5.132953093263584,-1.6452550283135026,-13.303928195356196,-23.946665873388586,-47.01947696856656
-1.5967100614266845,4.253900485310098,15.827195456516764,19.20081991306219,54.27093516544467
-1.1373763531489216,3.936765610564901,14.553042296271224,23.772648718381458,55.881496467829294
-5.942711609053434,1.0543515496814064,11.514461166645557,9.658952188651984,27.972633549592636
4.70635797615016,3.096240533257381,2.596804756094574,13.821875441167515,29.426410986978134
1.5530590827543225,4.107636226479098,11.410527596254616,19.511154338439965,47.317272888918296
0.3667090441653527,4.813842374018748,10.094957946875605,19.43173522570921,45.1363041974205
1.6202282763637654,-2.15289505326484,-8.660136843852074,-12.81051760149178,-29.808126572237835
-0.980758179463238,-4.275632882763194,-8.396354723827162,-16.157879488039594,-40.9840945813212
-3.691689840606316,-0.5979827545821682,7.8239459906308095,5.753345878622571,17.431604435870575
3.017305757912253,4.030164143538329,12.785039860555791,26.435388016504263,66.29906789538408
4.384737915050223,-4.485326008019403,-21.74802284578816,-29.981187958844803,-73.57744968846332
-0.4284114266610426,1.1300674230021643,8.486693055431001,10.961078669824706,32.83522565782492
-3.074516743499053,-5.70018758291114,-8.889144746743094,-18.08118823714356,-47.73996018954124
1.0732554548455913,3.932628029096038,15.73636524300808,24.318038726517507,56.91088585156254
-7.441640275354385,-3.198679462194704,4.540237606400815,-3.7511943844311824,-4.987940267274987
1.2584820157108263,-2.0260027066320303,-4.859777733464039,-13.452039065397546,-18.25373566745965
-5.017679790387482,-5.623495211157051,-6.781523266389087,-23.23049054336677,-47.62806547895475
-10.226779699294358,-3.530544957568836,9.362239891276689,-8.453690001004162,-6.711002093540772
0.5188442499485597,0.980414159024896,2.5789936288289086,2.989601423884705,15.94440362865448
-2.3846134438515447,0.8323464056464278,7.191344835226465,4.308560372911979,17.302506970346435
2.92569705435151,2.481217524160401,4.291780925659443,9.95364091916529,25.214425763207505
-0.3893502887196083,1.238008748810749,7.525348122788008,13.606390112081447,27.9166428680758
4.89699214402205,-1.8891561511766648,-8.595729420587864,-14.162826121342482,-24.921352256810675
-2.869881761040346,3.546994940261956,16.169607301550926,23.70044067890792,56.76922610364502
-5.823383954225619,-3.031851108215852,0.6308255620771279,-7.888959324057013,-18.5351761860894
4.690509157984469,0.4531100707521596,-4.5062623051285655,-2.898855624145848,-8.301669131324644
-0.0003398697477695,-1.9245370074943675,-5.060189600261451,-8.973414170630239,-20.22958153992957
-3.9579135435407338,1.9758526943768315,16.688899271047923,20.979898005125666,54.87963896930232
2.6490849961986545,3.756461636095391,10.695797240402907,24.03075821998581,54.28138132173395
2.827440462848265,-2.4166859590730456,-6.674561105541265,-13.54371769622001,-23.902741503135346
1.737838796286852,-1.1471610878866767,-5.09032635197192,-8.064322001778363,-13.957681353559131
-0.671809237863505,2.872736245491416,9.334544741851914,13.618891433920584,31.51536614218136
3.424272269077483,-0.9500998617100672,-7.138955954547359,-10.596631247281632,-22.844918185069
1.0981212216322258,0.2616370118050626,3.048023808455788,6.607612975855236,11.28478978992515
3.3181585915330896,-1.1153400438912646,-8.86195327867047,-5.202526833241874,-19.450715298888763
-12.59365097457326,3.573567786980961,36.121347227098575,42.63266070697343,107.40353395536565
0.3716793879132155,1.8832322890074704,4.357078382383701,9.67550050542492,17.480515878373765
1.7141464519750194,-1.1212350831333089,-3.3822454793093737,-5.580125328257143,-6.798453071588601
-10.131907436945417,2.4036071577197164,26.593804544963817,29.902748883637656,75.27565267224881
-0.5378345119353403,0.0843352987986725,-1.4935193192951317,-3.8957467980916394,-1.0900468748521446
8.119963455311705,-3.13988268258135,-19.86721540878523,-27.640281782020477,-59.36299397541502
-5.882301847369286,4.649165163796846,24.16543670993603,28.62917785179964,72.74875539908341
4.956866937689276,-1.5959897557643776,-12.309317727396293,-16.75584015892956,-37.78952724784822
2.116186864182837,-4.8290852523524,-10.336171434334188,-18.194781928130293,-40.93231156502512
7.089754211290825,1.1911795069890134,-8.782167067422048,-3.694386621697791,-13.473680541342812
1.1127781360692846,2.739013602245641,10.427763031014315,17.741543359319785,45.638038460602615
-3.76882525271274,0.8989038095392403,11.390540228300718,13.188766294177633,31.485047047137872
5.64001176085198,0.3504056067391539,-8.931608537139013,-6.423117036715892,-22.875061169303237
6.623682160379722,1.050027409821639,-5.394995712684358,-5.517032818972984,-8.051854952586929
3.2784093037581017,2.511306641703125,3.116256159502502,4.54658536678484,16.754408151462414
-1.7827016508436422,-0.9407851464985824,-0.2227515282888357,-2.1511693389184368,-5.034236516550933
1.2390383838596526,-0.8536601262026202,-3.49894122723416,-5.8434758859867175,-7.033430945532656
7.260216908674607,-2.3214177153260334,-21.03862678064478,-26.586366138696743,-63.91655737362889
1.8881511533912785,0.0767296402678224,-1.1978112404278265,1.0144142592801804,-0.241604391787455
-1.3117802065441428,-0.5824328790689007,0.2792339679789855,-2.044519380651207,-1.181863132618426
-0.7166034416396918,-4.190277527804927,-6.886782874018406,-18.577677627875296,-41.07763612647577
-3.0134121643958607,0.777476527679297,13.212409914975584,12.431368953248574,36.2374215674438
3.1084977281203927,-2.5521451392045185,-9.118153824154268,-11.489013048195416,-22.137716745440883
-6.357507686984652,-2.920310985855511,7.390154337964104,2.5265587725436243,10.59806921217589
4.636706990184126,4.330655293055239,6.51370227617983,8.648817290703779,34.49701132603977
-0.5261928306603734,0.437150563733334,2.347036934422264,2.272612085722673,11.027763856535326
-10.993841036456915,1.5979721838401653,31.21509619091308,32.804804892630784,90.90186133433724
-0.872837417486981,-0.8792871032611012,4.851319045337105,0.6858653435775389,10.25070062318576
1.2807136341610037,1.978324187236987,2.8888691558949176,11.737505063036028,25.286667219441995
-1.8883833372454863,5.5423602555135805,24.46754773478382,31.4342589848764,86.95498673083303
1.3832289838233651,-0.4741745273017695,-5.155449467914005,-4.475550933024644,-14.01010001555302
1.650294891641133,-2.604719063600918,-9.250317825628157,-15.451836520500136,-30.77754487579376
6.187457841723896,6.174278804024883,12.62149241921817,28.146007096966287,65.64047975411937
4.812267013675815,2.524891869919966,5.173381191129406,10.158782354851867,32.209966419699704
-2.5376576918691263,0.2625300305661393,6.13185278477928,2.450148271738178,14.092465962370827
-6.2115809564443465,1.2201835087910864,17.605450720894545,20.800162927889694,53.407467677994816
-0.2160638628770578,0.4879962314657199,1.455128565020484,2.6162997588409747,6.839559853708772
6.711253317559295,-2.0736013359983327,-13.737394013032755,-17.43094027532375,-34.19432861703674
3.6041834099930714,-3.3815166147094016,-11.771979929272804,-16.594733161704344,-39.82634044940827
-0.038972100337135,1.9359112944709245,-0.3578308348385661,-3.3630306721991827,-3.483439989562572
-3.5912823085847814,2.482783755595886,24.79707972277548,27.70239337040117,83.8715313726629
-0.1348560317139401,1.7275450857920165,14.76584518364652,9.322875982337006,48.333364988684025
-9.235792822394728,2.94035251802508,32.531004233892574,32.87065671298263,93.27064795461658
-6.380525196133512,2.01501923304805,20.63695315117668,21.75564911593802,61.82650782307568
3.994947308580586,-1.7288496094996928,-5.047068170271013,-10.055490177343332,-11.377584184132164
13.313814506519291,0.8932886692513868,-21.28488211761716,-20.72203412270533,-48.82788672748671
1.5446609143990475,2.1290794204871077,12.171818053417509,18.364319229953708,53.4474648506248
-2.118535009683033,-0.585325410637766,3.0585748439389304,0.7549811823005205,4.928366774026527
3.035631740564812,-1.4082864751901,-10.039991040298537,-10.536912278672144,-29.88358096031444
6.716049242181975,2.628978912693963,-3.4439580226021325,-0.3883403846160789,5.297612296111943
0.6409151325582301,2.3607096657349347,1.6887637259992694,10.556502084297186,14.422376804101276
-0.4414121225711985,3.228338229985856,17.904329694174464,23.93575205197781,58.786431277100064
1.353579477151726,-1.373788230851098,-0.1812409821837599,-8.379551492752308,-7.486418609746314
4.1070957111893485,-1.805427396348469,-7.442696595871105,-11.323444869466533,-21.172395078852865
-1.469329409784256,7.11416536207575,22.35202291367304,33.42236477448568,84.96957337820415
-1.0544342605144537,-5.147704469863894,-11.02039823184845,-26.31550842718258,-52.42628007559988
-0.4261903602160101,1.6616234112956023,12.9790246512811,9.912346985099692,35.2136374526189
-9.11270593348862,1.0377022471078126,22.284653034666377,19.37720508208816,56.66877476695802
5.673695711520427,-4.99291627476581,-25.71065790134966,-33.973583645649505,-77.38578354863533
-4.588447819148277,-4.468745121298032,-0.8819404812740981,-14.03217035026991,-23.3540936933262
-5.341164239382345,-0.058376269119967,11.054631726110893,9.93656578240606,26.97469733710319
